{"cameraMode":{"drawMode":0,"name":"Shaded","section":"Shading Mode"},"sceneLighting":false,"audioPlay":false,"sceneViewState":{"showFog":true,"showMaterialUpdate":true,"showSkybox":false,"showFlares":true,"showImageEffects":true,"showParticleSystems":true},"in2DMode":false,"pivot":{"x":2.00579833984375,"y":1.971527099609375,"z":-3.8209574222564699},"rotation":{"x":0.23452508449554444,"y":0.7021647095680237,"z":-0.2670884132385254,"w":0.6172630786895752},"size":5.681352615356445,"orthographic":false}