{"cameraMode":{"drawMode":0,"name":"Shaded","section":"Shading Mode"},"sceneLighting":false,"audioPlay":false,"sceneViewState":{"showFog":true,"showMaterialUpdate":true,"showSkybox":false,"showFlares":true,"showImageEffects":true,"showParticleSystems":true},"in2DMode":false,"pivot":{"x":7.567999839782715,"y":0.6819999814033508,"z":6.578999996185303},"rotation":{"x":0.2596403956413269,"y":0.6500528454780579,"z":-0.25288623571395876,"w":0.6681718230247498},"size":0.2507734000682831,"orthographic":false}