{"cameraMode":{"drawMode":0,"name":"Shaded","section":"Shading Mode"},"sceneLighting":false,"audioPlay":false,"sceneViewState":{"showFog":true,"showMaterialUpdate":true,"showSkybox":false,"showFlares":true,"showImageEffects":true,"showParticleSystems":true},"in2DMode":false,"pivot":{"x":-10.767168998718262,"y":0.2642916738986969,"z":-11.036179542541504},"rotation":{"x":0.017283007502555848,"y":0.6958576440811157,"z":-0.01568354293704033,"w":0.718734085559845},"size":0.24210292100906373,"orthographic":false}