{"cameraMode":{"drawMode":0,"name":"Shaded","section":"Shading Mode"},"sceneLighting":false,"audioPlay":false,"sceneViewState":{"showFog":true,"showMaterialUpdate":true,"showSkybox":false,"showFlares":true,"showImageEffects":true,"showParticleSystems":true},"in2DMode":false,"pivot":{"x":7.552000045776367,"y":0.6819999814033508,"z":5.811999797821045},"rotation":{"x":0.03427552059292793,"y":0.2780078649520874,"z":-0.008640535175800324,"w":0.9605843424797058},"size":0.2507734000682831,"orthographic":false}