{"cameraMode":{"drawMode":0,"name":"Shaded","section":"Shading Mode"},"sceneLighting":true,"audioPlay":false,"sceneViewState":{"showFog":true,"showMaterialUpdate":true,"showSkybox":true,"showFlares":true,"showImageEffects":true,"showParticleSystems":true},"in2DMode":false,"pivot":{"x":13.931405067443848,"y":1.854508876800537,"z":7.732102394104004},"rotation":{"x":-0.03186003863811493,"y":0.303833544254303,"z":0.011024651117622853,"w":0.9528322815895081},"size":5.16295051574707,"orthographic":false}