{"cameraMode":{"drawMode":0,"name":"Shaded","section":"Shading Mode"},"sceneLighting":false,"audioPlay":false,"sceneViewState":{"showFog":true,"showMaterialUpdate":true,"showSkybox":false,"showFlares":true,"showImageEffects":true,"showParticleSystems":true},"in2DMode":false,"pivot":{"x":12.536320686340332,"y":0.9353348016738892,"z":-0.05840957164764404},"rotation":{"x":-0.010862006805837155,"y":-0.29057833552360537,"z":0.003180492902174592,"w":-0.9573380351066589},"size":1.7527427673339844,"orthographic":false}