{"cameraMode":{"drawMode":0,"name":"Shaded","section":"Shading Mode"},"sceneLighting":true,"audioPlay":false,"sceneViewState":{"showFog":true,"showMaterialUpdate":true,"showSkybox":true,"showFlares":true,"showImageEffects":true,"showParticleSystems":true},"in2DMode":false,"pivot":{"x":9.046820640563965,"y":-3.3907198905944826,"z":130.13792419433595},"rotation":{"x":-0.043817825615406039,"y":0.9486212730407715,"z":-0.275783509016037,"w":-0.153189554810524},"size":3.662949800491333,"orthographic":false}