{"cameraMode":{"drawMode":0,"name":"Shaded","section":"Shading Mode"},"sceneLighting":false,"audioPlay":false,"sceneViewState":{"showFog":true,"showMaterialUpdate":true,"showSkybox":false,"showFlares":true,"showImageEffects":true,"showParticleSystems":true},"in2DMode":false,"pivot":{"x":7.545000076293945,"y":0.6819999814033508,"z":6.192999839782715},"rotation":{"x":0.23452508449554444,"y":0.7021647095680237,"z":-0.2670884132385254,"w":0.6172630786895752},"size":0.2507734000682831,"orthographic":false}