{"cameraMode":{"drawMode":0,"name":"Shaded","section":"Shading Mode"},"sceneLighting":false,"audioPlay":false,"sceneViewState":{"showFog":true,"showMaterialUpdate":true,"showSkybox":false,"showFlares":true,"showImageEffects":true,"showParticleSystems":true},"in2DMode":false,"pivot":{"x":12.536320686340332,"y":0.9353348016738892,"z":0.47353458404541018},"rotation":{"x":-0.04178912565112114,"y":-0.6932857036590576,"z":0.04066833481192589,"w":-0.7190678119659424},"size":0.9768281579017639,"orthographic":false}