{"cameraMode":{"drawMode":0,"name":"Shaded","section":"Shading Mode"},"sceneLighting":false,"audioPlay":false,"sceneViewState":{"showFog":true,"showMaterialUpdate":true,"showSkybox":false,"showFlares":true,"showImageEffects":true,"showParticleSystems":true},"in2DMode":false,"pivot":{"x":8.593180656433106,"y":0.7864567041397095,"z":1.396278738975525},"rotation":{"x":0.008055835030972958,"y":0.18139328062534333,"z":0.0014893785119056702,"w":-0.983899712562561},"size":1.1950945854187012,"orthographic":false}