{"cameraMode":{"drawMode":0,"name":"Shaded","section":"Shading Mode"},"sceneLighting":false,"audioPlay":false,"sceneViewState":{"showFog":true,"showMaterialUpdate":true,"showSkybox":false,"showFlares":true,"showImageEffects":true,"showParticleSystems":true},"in2DMode":false,"pivot":{"x":0.728430986404419,"y":0.9999996423721314,"z":1.5768283605575562},"rotation":{"x":0.08982881158590317,"y":0.6511427760124207,"z":0.07799610495567322,"w":-0.7502275705337524},"size":1.1280510425567628,"orthographic":false}