{"cameraMode":{"drawMode":0,"name":"Shaded","section":"Shading Mode"},"sceneLighting":false,"audioPlay":false,"sceneViewState":{"showFog":true,"showMaterialUpdate":true,"showSkybox":false,"showFlares":true,"showImageEffects":true,"showParticleSystems":true},"in2DMode":false,"pivot":{"x":-11.0600004196167,"y":0.272108256816864,"z":-4.170000076293945},"rotation":{"x":0.2377307415008545,"y":0.23059606552124024,"z":-0.05700107663869858,"w":0.9425053596496582},"size":0.9173507690429688,"orthographic":false}