{"cameraMode":{"drawMode":0,"name":"Shaded","section":"Shading Mode"},"sceneLighting":false,"audioPlay":false,"sceneViewState":{"showFog":true,"showMaterialUpdate":true,"showSkybox":false,"showFlares":true,"showImageEffects":true,"showParticleSystems":true},"in2DMode":false,"pivot":{"x":12.536320686340332,"y":0.9353348016738892,"z":-0.05840957164764404},"rotation":{"x":-0.0873173400759697,"y":-0.8590091466903687,"z":0.15729235112667085,"w":-0.48018062114715578},"size":1.7527427673339844,"orthographic":false}