{"cameraMode":{"drawMode":0,"name":"Shaded","section":"Shading Mode"},"sceneLighting":false,"audioPlay":false,"sceneViewState":{"showFog":true,"showMaterialUpdate":true,"showSkybox":false,"showFlares":true,"showImageEffects":true,"showParticleSystems":true},"in2DMode":false,"pivot":{"x":-11.0600004196167,"y":0.3325847089290619,"z":-3.049999952316284},"rotation":{"x":0.11751382797956467,"y":0.45628929138183596,"z":-0.06120631471276283,"w":0.8805739283561707},"size":0.9578970074653626,"orthographic":false}